sexo,categoria,cantidad_personas,ingreso_promedio,ingreso_mediano,edad_promedio,minimo_ingreso,maximo_ingreso,prop_personas
Mujer,Cuenta propia,885596,332431.3369795397,200000,42.99022466226135,5000,3000000,0.19747293264015323
Mujer,Obrero/empleado,3525209,535546.8173800573,400000,40.36382041461939,3000,7000000,0.7860619959885342
Mujer,Patrón,73840,1176262.2953941668,600000,43.3838840736728,70000,12000000,0.016465071371312555
Varón,Cuenta propia,1277204,522178.9120673864,300000,44.84133701429059,4000,10000000,0.2345490041890703
Varón,Obrero/empleado,3960635,730567.0602009979,550000,39.74971033685255,8000,8000000,0.7273411257766014
Varón,Patrón,207522,1143862.0198604385,600000,47.79410857644009,20000,7000000,0.0381098700343283
